{"cameraMode":{"drawMode":0,"name":"Shaded","section":"Shading Mode"},"sceneLighting":false,"audioPlay":false,"sceneViewState":{"m_AlwaysRefresh":false,"showFog":true,"showSkybox":false,"showFlares":true,"showImageEffects":true,"showParticleSystems":true,"showVisualEffectGraphs":true,"m_FxEnabled":true},"in2DMode":false,"pivot":{"x":-3.663419723510742,"y":0.4105830192565918,"z":-2.664283514022827},"rotation":{"x":0.053193554282188418,"y":0.7841297388076782,"z":-0.06794799864292145,"w":0.614617109298706},"size":0.08660249412059784,"orthographic":true}